Milliseconds,X,Y,Z
2,1.9102478,6.7812347,7.6864014
12,1.5466309,6.6708984,6.954468
23,1.3743896,6.5941467,6.5599976
32,1.2691345,6.440628,6.483963
42,1.1734619,6.4118347,6.4411774
52,1.1256104,6.3830414,6.3983917
62,1.049057,6.407028,6.365143
72,1.1112518,6.4502106,6.46019
82,1.245224,6.531769,6.707321
92,1.3121948,6.58934,6.9639893
102,1.4653015,6.5941467,7.1493225
113,1.4987946,6.7092743,7.192108
122,1.5035706,6.757248,7.0637817
132,1.4557343,6.7812347,6.85466
142,1.3791809,6.8532104,6.555237
152,1.2978516,6.910782,6.336624
162,1.2212982,6.992325,6.179779
172,1.1925812,6.9875336,5.965912
182,1.2069397,7.006729,5.7995605
192,1.1925812,7.0115204,5.7377777
202,1.3313293,6.8675995,5.7377777
212,1.450943,6.8004303,5.9706573
223,1.5897064,6.7524567,6.3413696
232,1.6614532,6.8771973,6.792877
242,1.6710205,7.0259247,7.558075
252,1.8241425,6.680496,7.8384857
262,1.9485321,6.522171,7.9715576
272,1.8337097,6.771637,8.114136
282,1.852829,6.805237,8.114136
292,1.848053,6.819626,7.962036
302,1.6327515,6.7860413,7.472519
312,1.4940033,6.896393,6.750107
323,1.3696136,7.0163116,6.1037292
332,1.2356567,6.944351,5.7758026
342,1.1256104,6.901169,5.604706
352,1.2404327,6.7380676,5.5239105
362,1.2404327,6.627716,5.8756104
372,1.0921173,6.704468,5.965912
382,1.5035706,6.613327,5.9468994
392,1.5083618,6.392639,6.3176117
402,1.618393,6.584549,6.5837555
412,1.7858429,6.9491577,6.445938
422,1.87677,6.9827423,6.674057
433,2.245163,6.88678,6.9259644
442,3.0250092,6.037613,7.800461
452,2.0250702,7.510483,7.0637817
462,2.556137,7.059494,7.0637817
472,2.2355957,7.3665466,6.6692963
482,2.446106,7.4289093,6.6170197
492,2.3647614,7.328171,6.902191
502,2.245163,7.3185577,7.0447693
512,2.1590424,7.3425446,6.830902
522,1.9485321,7.5056763,6.1987915
532,1.6997375,7.476883,5.229233
543,1.685379,6.9827423,4.972595
552,1.5131378,6.824417,4.1836395
562,1.5418396,6.4502106,3.803421
572,1.8384705,5.9896393,3.9745178
582,2.3360596,5.792938,4.8347626
592,2.5417786,6.258316,6.1987915
602,3.4077759,6.479004,9.972443
612,2.9053955,7.241806,9.3593445
622,3.388626,7.1698456,7.957306
632,3.2307434,7.165039,6.6692963
642,2.9771729,7.6447906,5.8708496
653,2.8240814,7.755142,4.830017
662,2.7618713,7.6304016,4.5448456
672,2.814499,7.2849884,4.4402924
682,2.8719177,6.6181183,4.445053
692,2.680542,6.7236786,4.706436
702,2.7618713,6.2678986,4.7634735
712,3.044159,5.908081,4.744461
722,2.8432007,6.4741974,5.0296173
732,3.0919952,6.3590546,4.720688
742,2.9436798,7.0786896,4.611389
753,3.087204,7.241806,4.5210876
762,3.0728607,7.1554565,4.734955
772,3.2642365,7.356949,4.8965607
782,2.9771729,7.870285,5.1389313
792,3.0680847,7.9038544,5.8993683
802,3.4699707,7.3665466,6.241562
812,3.450821,7.4433136,6.289093
822,3.7570343,7.5344543,6.30336
832,3.8335724,7.817505,6.179779
842,4.211548,7.803116,6.146515
852,4.4699097,7.726364,6.3081055
863,4.551239,8.038193,6.0894775
872,4.613434,8.402817,5.818573
882,4.747406,8.575531,6.098984
892,4.9387817,8.82019,6.322357
902,4.9579163,8.748245,6.8166504
912,5.1445007,9.036102,7.2491302
922,4.7569733,9.376709,7.04953
932,4.6086426,8.618713,6.8166504
942,4.388565,8.546738,6.3556366
952,4.182846,8.719452,5.623703
962,4.1637115,8.757828,5.276764
973,4.1684875,8.858582,5.4858856
982,4.048874,8.94014,5.794815
992,3.9914703,8.834595,6.122757
1002,3.9771118,8.565933,6.507721
1012,3.790512,8.412399,6.4744415
1022,3.5991364,8.306854,6.30336
1032,3.4604034,8.32605,6.203537
1042,3.345581,8.422012,6.10849
1052,3.249878,8.330856,6.18454
1062,3.2068176,8.042999,6.4792023
1072,3.1637726,7.755142,6.8641663
1082,3.211609,7.4864807,7.1160736
1093,3.192459,7.308975,7.0923004
1102,2.809723,7.328171,6.830902
1112,2.7666626,7.126663,6.588516
1122,2.6566315,6.766861,6.30336
1132,2.412613,6.546158,5.8138275
1142,2.1111908,6.339859,5.4716187
1152,1.9580841,6.028015,5.481125
1162,1.87677,5.8937073,5.75679
1172,1.8671875,5.980057,6.0419464
1182,1.7475739,5.92247,6.526718
1193,1.8719788,5.864914,6.97348
1202,1.8911133,5.816925,7.3536987
1212,1.881546,5.697006,7.662613
1222,2.0011597,5.5098877,7.8622437
1232,1.9963684,5.471512,8.090363
1242,1.9676666,5.6634064,8.066605
1252,1.8671875,5.720993,7.928787
1262,1.8002014,5.735382,7.605591
1273,1.6949463,5.6921997,7.372711
1282,1.5418396,5.7401733,6.8118896
1292,1.254776,5.826538,6.3793945
1302,1.3169861,5.720993,6.1892853
1312,1.3648224,5.8889008,6.312851
1322,1.4222412,6.013626,6.564743
1332,1.618393,5.76416,6.85466
1342,1.7810669,5.4667053,7.2253723
1353,1.8193512,5.2940063,7.6293488
1362,1.8719788,5.135681,8.038086
1372,1.7906342,5.068512,8.413544
1382,1.7762756,5.0781097,8.494354
1392,1.6279755,5.1260834,8.318512
1402,1.47966,5.1884613,8.057098
1412,1.3504791,5.2412415,7.8622437
1422,1.2356567,5.2892,7.638855
1433,1.1064758,5.2412415,7.3679504
1442,1.1495209,5.2220306,7.410736
1452,1.2069397,5.2796173,7.5723114
1462,1.3265533,5.1692657,7.9002533
1472,1.3839569,5.0493164,8.370789
1482,1.3983154,5.001358,8.784271
1492,1.4605255,5.0637207,8.983871
1502,1.4174652,5.34198,8.860306
1513,1.3743896,5.5722504,8.651184
1522,1.4700928,5.7545624,8.565643
1532,1.5322876,6.0664062,8.328003
1542,1.5227203,6.387848,8.232941
1552,1.5370789,6.5509644,8.118881
1562,1.47966,6.7092743,8.014328
1572,1.5801239,6.766861,7.943039
1582,1.8145599,6.608536,7.962036
1592,1.8049927,6.479004,7.9335175
1602,1.8337097,6.3590546,7.6816406
1613,1.7762756,6.2151337,7.410736
1622,1.7667236,6.143158,7.068527
1632,1.7810669,6.152771,6.712082
1642,1.8671875,6.143158,6.3936615
1652,2.0011597,6.3830414,6.540985
1662,2.0298615,6.455017,6.5932617
1672,2.005951,6.7860413,6.3793945
1682,2.0920563,6.7380676,6.3793945
1692,2.2020874,6.531769,6.493454
1703,2.245163,6.339859,6.6360474
1712,2.3456268,6.243927,6.707321
1722,2.618332,6.0568085,6.859421
1732,2.809723,5.9656525,6.7738647
1742,2.9771729,6.023239,6.688324
1752,3.0202332,6.296692,6.493454
1762,3.0250092,6.363846,6.4364166
1773,2.8671265,6.6565094,5.7520294
1782,2.8671265,6.8292236,4.9108124
1792,2.8719177,6.8580017,4.6779327
1802,3.2642365,6.560547,4.6066284
1812,3.5465088,6.1575623,5.0296173
1822,4.618225,5.092499,5.001114
1832,4.0680237,5.577057,5.709259
1842,4.7426147,5.792938,6.346115
1853,4.3311615,6.387848,6.3793945
1862,4.5368958,6.704468,5.4288483
1872,4.2689667,7.0115204,5.2339783
1882,4.450775,6.9971313,4.4735565
1892,4.84787,6.546158,4.326233
1902,4.2306824,7.529663,5.020111
1912,4.584732,7.687973,4.635147
1923,4.5464478,7.8223114,5.01062
1932,4.7330475,7.8271027,5.072403
1942,4.7952423,7.831909,4.806259
1952,4.1589203,8.594711,5.058136
1962,4.2737427,8.422012,4.7682343
1972,4.2259064,7.937454,4.26445
1983,4.182846,7.999817,3.9079742
1992,3.5608673,8.623489,3.0287323
2002,3.8957672,8.700256,2.4346466
2012,4.7330475,7.7983093,2.4488983
2022,4.7330475,8.162949,2.6912842
2032,4.728256,8.88736,3.0762634
2042,5.752121,7.817505,3.6988525
2052,5.240204,8.532349,3.0382233
2062,4.3981476,9.659775,3.0905151
2072,4.182846,10.062775,2.681778
2082,4.1589203,10.091553,2.2397766
2092,4.3072357,9.770111,2.2682953
2102,3.881424,10.269058,2.5629578
2112,4.948349,8.431595,3.608551
2122,4.914856,8.019012,3.2948914
2133,5.0775146,8.119766,2.9621887
2142,4.986618,7.7695465,2.249298
2152,5.082306,7.8079224,1.6456909
2162,5.2258453,7.894272,1.2892456
2172,5.221054,8.215698,0.97080994
2182,5.68515,8.781815,1.1133881
2192,5.9100037,9.160828,1.7074738
2202,5.9052277,9.031296,1.9213562
2213,5.8621674,9.146439,2.0591736
2222,5.895645,8.575531,1.5744019
2232,5.378937,9.098465,1.7930298
2242,5.7808228,8.39801,1.1894379
2252,5.5416107,9.213593,1.1371613
2262,6.130081,8.206116,0.3719635
2272,5.8526,9.1992035,0.6618805
2283,5.6660004,9.722137,1.0753632
2292,5.718628,9.559021,1.6551971
2302,6.0583344,9.376709,1.427063
2312,6.7759857,8.724243,0.27217102
2322,5.881317,9.415085,0.25790405
2332,5.723419,9.568619,0.97080994
2342,5.876526,9.343124,0.5525665
2353,5.7951813,9.43428,0.5335541
2362,5.7951813,9.43428,0.5335541
2372,5.7951813,9.43428,0.5335541
2382,5.4698486,9.050476,0.16760254
2392,5.3358765,8.911346,0.13432312
2402,5.0966644,9.007309,0.058288574
2412,4.953125,8.911346,-0.108062744
2422,4.752182,8.786621,-0.27915955
2433,4.5034027,8.877777,-0.57858276
2442,4.3407288,8.911346,-0.768692
2452,4.245041,8.824997,-0.8542328
2462,4.3120117,8.882568,-0.7306671
2472,4.407715,9.060074,-0.29815674
2482,4.3646393,8.925751,-0.089035034
2492,4.28331,8.575531,0.19136047
2502,4.245041,8.561127,0.29592896
2513,4.044098,8.585114,0.29592896
2522,4.2641754,7.8990784,0.50505066
2532,3.4077759,9.208801,0.19136047
2542,4.1349945,8.220505,-0.05102539
2552,3.6517792,8.834595,-0.7734375
2562,3.15419,9.208801,-1.2772217
2572,3.723526,8.805801,-0.8494873
2582,2.8671265,9.463074,-1.4815979
2592,3.2977295,9.755722,-0.9540405
2603,3.3072815,9.391098,-0.8494873
2612,3.450821,9.419891,-0.59757996
2622,3.4412537,9.62619,0.41474915
2632,3.5082397,9.323929,0.7236786
2642,3.584793,9.146439,1.3082428
2652,3.4029846,9.050476,1.0991364
2662,3.2881622,8.95932,0.52404785
2673,3.1398315,9.060074,-0.0652771
2682,2.948471,9.074478,-0.50253296
2692,2.6566315,9.458267,-0.7496643
2702,2.7762146,9.27597,-0.87324524
2712,2.5944214,9.535034,-1.0253296
2722,2.7618713,9.357529,-0.67362976
2733,2.154251,10.04837,-0.588089
2742,2.5226593,9.333542,0.005996704
2752,1.7188721,9.798904,-0.13182068
2762,1.7284393,9.352722,0.10105896
2772,1.1877899,9.069672,-0.14607239
2782,1.0634155,8.757828,-0.33618164
2792,1.0634155,8.215698,-0.2934265
2803,0.4557953,8.82019,-0.6023407
2812,1.0777588,8.234894,-0.15557861
2822,0.70458984,8.431595,-0.28390503
2832,0.7619934,8.637894,0.40522766
2842,0.7428589,8.297256,0.71891785
2852,0.59931946,8.071777,1.0373383
2862,0.32661438,7.740753,1.1133881
2872,-0.09442139,7.400131,0.9898224
2883,-0.50109863,7.0163116,0.89476013
2892,-1.1421967,6.666092,0.3577118
2902,-1.587143,6.104782,0.05354309
2912,-1.8885651,5.2844086,-0.23162842
2922,-1.9220581,4.0562286,-0.72114563
2932,-2.1708374,3.4661407,-0.8494873
2943,-2.3335266,3.0631409,-0.6403656
2952,-2.4435577,2.6217651,-0.022521973
2962,-2.4435577,2.1803894,0.98031616
2972,-2.2761078,1.4559631,2.2302704
2982,-2.2473907,0.39091492,4.0410614
2992,-2.4770508,-0.4870453,4.5448456
3002,-3.1707764,-1.0291748,5.262497
3012,-3.2473297,-1.177887,5.1579437
3023,-3.4626312,-0.59259033,4.7302094
3032,-3.4769897,0.6979523,3.6988525
3042,-1.9220581,1.782196,2.9717102
3052,-0.20924377,2.6505432,1.9593658
3062,3.7666016,2.6169739,0.657135
3072,8.36441,2.880844,-0.6973877
3082,11.325958,5.0349274,0.22938538
3093,13.096191,7.1074677,1.5744019
3102,14.651123,6.5029907,1.2036896
3112,17.196411,6.224716,0.01550293
3122,18.287262,7.419327,-0.958786
3132,17.966705,9.962021,-0.8399658
3142,17.33995,14.111893,0.8757477
3152,15.665405,16.429123,2.0116577
3163,15.665405,16.429123,2.0116577
3172,15.665405,16.429123,2.0116577
3182,14.957321,16.69777,2.068695
3192,15.507523,20.986786,-5.0176086
3202,16.52182,18.367325,-4.832245
3212,16.44049,16.030914,3.527771
3222,14.392761,13.814453,5.723526
3232,12.235001,11.511627,3.3804321
3243,10.220764,9.597412,1.2369537
3252,8.723236,7.9326477,0.7949524
3262,7.5654144,6.8292236,0.4907837
3272,6.5032806,5.8937073,0.30067444
3282,5.943512,5.365967,-0.49778748
3292,5.613373,5.1164856,-1.3247528
3302,5.5320435,5.3611603,-1.358017
3313,5.7760468,5.3707733,-0.53105164
3322,6.3980255,5.198059,1.1086426
3332,6.6228943,5.0493164,2.078186
3342,6.64682,5.030136,2.353836
3352,6.6324615,4.93898,2.2017517
3362,6.5463257,4.9437714,2.130478
3372,6.4602203,4.9581757,2.173233
3382,6.441086,5.0109406,2.296814
3392,6.6755066,5.3227844,2.2873077
3402,6.847748,5.5722504,2.0021515
3412,6.98172,5.816925,1.888092
3422,6.9769287,6.085602,1.6694489
3432,6.785553,6.378235,1.536377
3442,6.81427,6.4885864,0.90901184
3452,6.914734,6.431015,0.36720276
3463,6.8955994,6.574936,0.19136047
3472,6.98172,6.766861,0.2008667
3482,7.039139,7.021118,0.30541992
3492,7.153961,7.2082214,0.36720276
3502,7.3357697,7.2993774,0.45277405
3512,7.3740387,7.2082214,0.5383148
3522,7.517578,7.1554565,0.666626
3533,7.5941315,7.165039,0.7569275
3542,7.651535,7.093094,1.0753632
3552,7.790283,6.9587555,1.2654724
3562,7.8381195,6.805237,1.3272552
3572,7.7807007,6.704468,1.3177643
3582,7.6611023,6.7092743,1.1561584
3592,7.58934,6.74765,1.0325928
3603,7.4314423,6.8532104,0.7902069
3612,7.2927094,6.9347687,0.69039917
3622,7.187439,6.8771973,0.62861633
3632,7.1396027,6.6565094,0.6095886
3643,7.197006,6.53656,0.5145416
3652,7.2209473,6.5029907,0.32919312
3662,7.2639923,6.6181183,0.4907837
3672,7.254425,6.7236786,0.7236786
3682,7.3070526,6.8771973,0.99458313
3692,7.2639923,7.001938,1.222702
3702,7.1348114,7.093094,1.0753632
3713,7.1348114,7.0643005,0.94229126
3722,7.077408,7.0882874,0.69039917
3732,7.019989,7.083481,0.5668335
3742,6.9721527,7.006729,0.49552917
3752,6.9769287,6.93956,0.6381073
3762,6.948227,6.8436127,0.6856537
3772,6.9769287,6.810028,0.69989014
3783,7.0056458,6.714081,0.6618805
3792,6.9673615,6.8148193,0.69514465
3802,7.0151978,6.848404,0.78544617
3812,7.0678406,6.8771973,0.8852539
3822,7.0582733,6.9635468,0.94703674
3832,7.115692,6.968338,0.98506165
3842,7.043915,6.992325,0.78544617
3852,7.043915,6.992325,0.6761322
3863,7.187439,6.9971313,0.6333771
3872,7.326187,6.9971313,0.7141571
3882,7.5032196,7.241806,1.0468597
3892,7.6132507,7.4145203,1.1419067
3902,7.9290314,7.6400146,1.2559662
3912,8.359634,7.9278564,1.0325928
3922,8.771088,8.724243,1.0088348
3933,9.63707,9.304749,1.1656647
3942,10.426483,9.750931,1.6124268
3952,10.761398,10.542526,2.225525
3962,10.885803,11.69873,3.2711182
3972,10.742264,12.168884,3.8081818
3982,10.641785,12.144897,4.368988
3992,10.570023,11.693939,4.682678
4003,9.881073,11.89064,4.9583282
4012,9.254303,12.226456,5.2577515
4022,8.125198,12.5239105,5.4478607
4032,7.646759,13.22435,5.1627045
4042,7.254425,13.852829,4.525833
4052,6.790344,14.783554,3.827179
4063,7.2209473,14.514877,1.9688721
4072,7.3022766,14.308594,0.90901184
4082,6.9338837,14.3134,-0.96829224
4092,6.785553,13.97757,-3.5205078
4102,6.0344086,12.830963,-7.246628
4112,5.7664795,11.482834,-9.542191
4122,6.010483,9.722137,-12.574417
4133,5.64209,7.7839355,-14.955536
4142,5.584671,6.6900787,-16.324326
4152,5.421997,4.9917603,-18.225388
4162,5.0966644,3.1542969,-18.905045
4172,4.9914093,1.2976379,-18.705414
4182,4.5895233,-0.73651123,-18.106583
4192,3.9914703,-2.3245087,-16.847107
4203,3.4029846,-3.9700623,-15.958359
4212,2.6374817,-5.644409,-15.145645
4222,1.9389648,-7.6881714,-14.204605
4232,1.5944824,-9.669556,-13.049698
4242,1.5227203,-11.957977,-10.093506
4252,2.5083008,-13.421234,-5.9824066
4262,3.3359985,-13.733078,-0.19836426
4272,3.245102,-13.44043,6.2558136
4283,3.6948395,-13.44043,12.96666
4292,4.1015015,-13.032639,16.127197
4302,4.881363,-11.996353,21.59282
4312,5.512909,-10.26445,24.610794
4322,7.708954,-5.874695,29.01181
4332,9.9049835,-3.322403,32.53357
4342,13.273209,-1.0147858,32.376724
4353,16.536163,2.9575958,30.92714
4362,18.416458,7.529663,29.458557
4372,18.837463,9.746124,28.066025
4382,18.315964,7.7695465,24.111755
4392,17.387802,5.255615,19.468353
4402,15.880722,4.1089935,12.534149
4412,14.196594,4.962967,4.5828705
4422,12.014908,6.4502106,-4.2096405
4433,11.105881,8.138947,-15.254944
4442,9.97197,11.386887,-26.476105
4452,9.254303,13.377884,-33.158417
4462,9.723175,13.29631,-36.238174
4472,9.948059,14.404541,-37.725784
4482,9.445679,13.809647,-36.665924
4492,8.651474,13.603348,-34.921677
4502,8.6706085,12.5383,-33.871323
4513,9.0103,11.185394,-31.0197
4522,9.043793,9.779694,-30.406586
4532,9.345215,8.685867,-29.109116
4542,10.445633,6.5941467,-25.254654
4552,11.517334,4.411255,-18.054306
4562,14.335342,1.0193787,-8.387283
4572,17.612656,-3.36557,2.5296936
4582,19.650833,-6.071396,14.349701
4593,21.200958,-6.9733276,18.57486
4602,21.124405,-6.0665894,24.853195
4612,19.435516,-1.374588,27.334106
4622,17.612656,3.2310638,27.966217
4632,16.44049,5.2940063,27.871155
4642,15.2348175,7.0738983,27.576492
4652,13.785141,8.076584,25.433014
4662,11.91922,8.561127,21.165085
4673,10.723114,8.210907,17.054
4682,9.814087,6.574936,12.724274
4692,8.665817,4.857422,8.722473
4702,7.474518,3.4373474,4.6779327
4712,6.484131,2.8760376,1.3843079
4722,5.747345,2.7513123,-0.7639313
4732,5.488983,2.9000244,-2.2467804
4742,5.3119507,4.0802307,-3.6820984
4753,5.12059,5.121292,-4.133606
4762,5.087097,5.773758,-4.1526184
4772,5.024887,6.373459,-3.7961578
4782,5.053604,6.574936,-3.7676544
4792,5.111023,6.2535095,-3.4777374
4802,4.919632,6.3686523,-2.807602
4812,5.024887,6.522171,-2.3941193
4822,5.082306,6.790848,-1.9521027
4832,5.2976074,7.1218567,-1.6051636
4843,5.3311005,7.2753906,-1.4197998
4852,5.1636505,7.697571,-1.5956573
4862,5.1349335,7.663986,-2.1612244
4872,5.111023,7.663986,-2.4511566
4882,5.111023,7.7743225,-2.2230072
4892,5.5081177,7.8223114,-1.7477417
4902,5.80954,7.788727,-1.0158386
4913,6.1635895,7.7455597,-0.17460632
4922,6.455429,7.6927795,0.43374634
4932,6.64682,7.6447906,0.7236786
4942,6.6755066,7.8079224,0.80921936
4952,6.656372,7.923065,0.41474915
4962,6.493698,8.019012,0.12007141
4972,6.283203,8.009415,-0.588089
4983,5.9961395,8.182129,-0.91127014
4992,5.8047485,8.5707245,-0.8257141
5002,5.9100037,8.786621,-0.44551086
5012,6.120529,8.791412,0.10105896
5022,6.3693085,8.604309,0.59059143
5032,6.7664185,8.244492,1.1894379
5042,6.842972,8.038193,1.4175568
5053,6.8621063,8.023804,1.403305
5062,6.7329254,8.162949,0.9613037
5072,6.613312,8.354843,0.48602295
5082,6.450653,8.551544,-0.11282349
5092,6.2688446,8.844177,-0.27915955
5102,6.287979,9.640579,0.42425537
5112,6.41716,10.091553,1.1133881
5123,6.551117,10.144333,1.2940063
5132,7.321411,10.091553,1.8358002
5142,7.6276093,10.053177,1.8500519
5152,7.6132507,10.700836,1.8215485
5162,7.2257233,11.909821,2.3966217
5172,6.7424927,13.800049,3.370926
5182,6.642029,14.812347,4.0790863
5193,7.082184,15.743057,5.200714
5202,8.139542,15.071411,6.7786255
5212,8.933762,14.342178,8.232941
5222,9.350006,14.3038025,9.958191
5232,9.0677185,14.370956,10.965759
5242,8.345276,13.617752,10.73288
5252,7.7280884,13.17157,9.673019
5263,7.488861,12.312805,7.558075
5272,6.6324615,12.000977,4.140869
5282,6.345398,10.48494,-0.08430481
5292,5.5272675,9.1992035,-3.4682312
5302,4.7330475,8.302063,-7.655365
5312,4.51297,6.2678986,-11.234161
5322,3.9723206,1.8205719,-16.95642
5332,2.6996765,-2.1949768,-20.820374
5343,0.91508484,-5.0447235,-23.515167
5352,-0.24751282,-5.0687103,-25.17862
5362,-0.73553467,-3.2024536,-24.670074
5372,-0.6446228,-2.4684296,-23.472382
5382,-0.381485,-3.1784668,-21.913498
5392,-0.18052673,-4.660904,-20.573242
5402,0.31703186,-7.0213013,-18.943054
5413,0.5706177,-8.671661,-16.704529
5422,1.3791809,-10.010178,-12.1371765
5432,2.6374817,-10.777786,-4.7324524
5442,3.5417175,-10.221283,5.2577515
5452,4.776108,-9.146622,15.029327
5462,8.823715,-8.379013,26.412079
5472,10.043732,-4.0612183,35.518265
5482,12.35939,-0.20399475,39.515305
5493,14.962097,3.4517517,40.52289
5502,16.670135,7.3953247,37.737778
5512,17.713135,10.273865,33.70749
5522,18.0289,12.010559,28.013733
5532,17.545685,12.547897,21.968292
5542,15.655838,13.320297,14.482758
5552,14.076981,13.253128,6.792877
5562,13.641617,13.320297,1.9023285
5573,11.163284,12.384781,-11.785477
5582,9.603561,13.397064,-20.749084
5592,8.015137,14.04953,-26.818298
5602,6.278412,14.466919,-30.12143
5612,4.747406,14.198257,-33.158417
5622,3.4364777,13.214752,-33.5719
5632,1.848053,11.741913,-32.055786
5642,0.9772949,9.511047,-30.82959
5653,0.24049377,7.510483,-28.861969
5662,0.29312134,4.622345,-26.252731
5672,1.0777588,0.51083374,-23.006622
5682,1.9389648,-2.6123505,-17.541
5692,4.1397705,-5.76915,-9.974686
5702,5.756912,-8.143936,2.249298
5712,6.0296173,-9.093842,12.42009
5722,6.316681,-9.338516,16.992203
5733,7.4027557,-7.2276,26.393051
5742,9.182556,-5.222229,28.02324
5752,11.39772,-3.4615173,29.344498
5762,13.981308,-0.85165405,30.561203
5772,15.18219,0.83706665,30.39009
5782,17.258621,1.1872864,28.569809
5792,18.488205,3.2406464,25.779968
5802,17.73706,6.2918854,21.55481
5813,15.3927,12.667831,14.440002
5822,14.57457,15.551163,9.535187
5832,13.120117,19.619476,2.9764404
5842,12.9670105,19.609894,-0.6973877
5852,13.818634,16.491486,-3.515747
5862,15.019516,13.36348,-6.7666016
5872,15.115204,10.777603,-9.946167
5882,14.40712,8.949738,-12.255981
5892,13.029205,9.842087,-14.708389
5903,11.244614,10.153915,-14.446991
5912,9.914551,10.393784,-13.567734
5922,8.766312,10.077164,-11.999344
5932,7.7998505,9.530243,-10.003204
5942,7.19223,8.705063,-8.182922
5952,6.81427,7.8367157,-6.40065
5962,6.4028015,7.0643005,-4.1621246
5972,6.2736206,6.498184,-1.8332825
5983,6.2688446,6.704468,0.01550293
5992,6.4697876,6.522171,0.93278503
6002,6.6228943,6.560547,0.9137726
6012,6.3788757,6.8915863,1.2417145
6022,6.4267273,6.7092743,1.1846771
6032,6.642029,6.3542633,0.77119446
6042,6.756851,6.2535095,1.0088348
6053,6.881256,5.6490173,1.5791473
6062,6.819046,5.3227844,2.0449219
6072,6.8381805,5.164459,2.5391998
6082,6.7807617,5.135681,2.9717102
6092,6.7424927,5.3515625,3.370926
6102,6.579834,5.7305756,3.347168
6112,6.441086,6.210327,2.985962
6122,6.283203,6.392639,2.7483215
6133,5.7760468,6.718872,1.9451141
6142,5.728195,6.6565094,1.2892456
6152,5.895645,6.666092,1.0991364
6162,6.1444397,6.584549,1.0991364
6172,6.47937,6.6037292,1.6884613
6182,6.8668976,6.5413666,1.9165955
6192,7.1013336,6.483795,1.8500519
6203,7.1730957,6.483795,2.311081
6212,7.4649506,6.531769,1.9973907
6222,7.5654144,6.8915863,1.0658569
6232,7.3070526,7.5344543,0.26741028
6242,7.1396027,7.9038544,0.010757446
6252,7.1348114,8.081375,0.039276123
6262,7.2065887,7.9710236,0.42425537
6272,7.4027557,7.687973,0.61434937
6283,7.598892,7.467285,0.8757477
6292,7.7328644,7.4049225,1.0373383
6302,7.919464,7.3905334,0.9042816
6312,8.11084,7.568039,0.8805084
6322,8.13475,7.8510895,0.9660492
6332,8.350067,8.522751,1.3795471
6342,8.684967,9.060074,2.1447296
6353,9.082062,9.55423,2.9717102
6362,9.431335,10.120331,3.8699646
6372,9.488739,11.137405,5.024872
6382,9.498306,12.3415985,6.374634
6392,9.536591,13.454636,7.496277
6402,9.66098,14.442932,7.7101593
6412,9.747101,14.980255,7.253891
6422,9.799728,15.8246155,6.060959
6433,10.048523,15.867798,5.0296173
6442,10.2686,15.930176,3.7416382
6452,10.488678,16.059708,2.2778015
6462,10.354736,15.738266,0.20562744
6472,9.837997,14.265411,-2.6412506
6482,8.857208,12.18808,-5.6592255
6492,7.4027557,9.846863,-8.458588
6502,5.981781,8.014206,-10.915726
6513,4.1684875,6.4262238,-13.144745
6522,2.8671265,5.030136,-15.763489
6532,1.6375427,4.1042175,-18.643631
6542,0.5371399,2.7321167,-20.806122
6552,0.5514679,0.8034973,-22.7072
6562,0.32182312,-0.9716034,-24.12352
6572,0.6328125,-2.4780273,-24.066483
6582,0.9390259,-4.8384094,-22.098846
6592,1.211731,-6.8629913,-19.194946
6602,1.8002014,-9.540024,-17.075241
6612,2.3552094,-12.605652,-14.432739
6622,4.020172,-16.697968,-9.109695
6632,5.6325226,-19.552505,-1.3865356
6643,7.54628,-20.617554,9.910645
6652,8.287857,-19.571686,21.697388
6662,10.048523,-16.184616,28.736145
6672,10.928848,-12.1163025,34.639023
6682,11.909653,-9.674347,38.88794
6692,13.469376,-6.503174,40.090378
6702,14.641556,-2.3293,40.17592
6713,16.253891,1.0673676,35.784424
6722,16.722763,3.3845825,28.750412
6732,16.115158,4.9053955,19.078644
6742,15.608002,5.8984833,13.018936
6752,14.770737,7.424103,8.38028
6762,14.225311,10.221085,1.4983673
6772,13.421524,13.320297,-8.548874
6782,13.268417,14.994644,-14.874741
6793,12.445511,17.326263,-19.342285
6802,11.818756,17.97873,-21.376434
6812,10.464767,17.374222,-23.600708
6822,9.431335,15.671097,-24.902954
6832,8.881134,13.569778,-26.034103
6842,8.11084,11.919403,-27.783096
6852,6.7377167,11.986572,-29.860046
6862,6.321472,11.147018,-30.67749
6872,5.881317,10.331421,-30.083405
6882,5.9769897,8.930542,-27.925674
6892,6.4697876,7.1170807,-25.84874
6903,7.1061096,5.6154327,-21.870728
6912,8.330917,3.3845825,-16.219757
6922,10.254242,2.962387,-9.247513
6932,12.909592,1.8781586,0.80921936
6942,14.55542,0.55882263,7.9145203
6952,15.995544,-0.7940979,12.46286
6962,17.08638,-1.8735352,15.542618
6972,17.741837,-0.76530457,18.246918
6983,18.186783,0.6547699,21.231613
6992,18.713074,2.8856354,24.135529
7002,18.622177,4.9533844,27.182007
7012,17.287323,6.74765,27.90918
7022,15.674973,8.230103,25.779968
7032,13.684662,8.868164,21.079529
7043,11.330734,8.426804,15.1719055
7052,9.134689,7.8990784,10.000946
7062,7.445801,7.021118,5.623703
7072,5.5607452,5.485901,1.0706177
7082,5.115799,4.2337494,-2.5366974
7092,4.819168,3.8355408,-4.44252
7102,4.51297,4.281723,-4.642151
7112,4.618225,4.7470703,-5.0746307
7123,4.7569733,5.30838,-5.4501038
7132,4.7952423,5.735382,-5.8778534
7142,4.9100647,6.119171,-6.258072
7152,5.115799,6.714081,-6.2865906
7162,5.044037,7.568039,-6.0679626
7172,5.0727386,8.119766,-5.673477
7182,5.221054,8.306854,-4.889282
7193,5.3932953,8.201324,-3.9957733
7202,5.512909,7.9950104,-3.0690002
7212,5.7617035,7.726364,-2.337082
7222,6.0344086,7.510483,-1.3437653
7232,6.158798,7.5200653,-0.8162079
7242,6.211426,7.6112213,-0.5928345
7252,6.3310394,7.6304016,-0.5215454
7262,6.441086,7.697571,-0.35993958
7273,6.7424927,7.788727,-0.08430481
7282,7.039139,7.544052,0.45277405
7292,7.2687836,7.438507,0.98506165
7302,7.474518,7.2082214,1.5744019
7312,7.4362335,7.582428,1.6504517
7322,7.3022766,7.8127136,1.5506439
7332,7.2017975,7.9566345,1.3510284
7342,7.053482,8.244492,1.1704254
7353,7.0104218,8.484375,1.2417145
7362,7.039139,8.527557,1.3605194
7372,6.98172,8.637894,1.4888458
7382,6.9960785,8.541931,1.4888458
7392,7.1443787,8.565933,1.5078583
7402,7.3740387,8.978516,1.7359924
7412,7.551056,9.410294,1.9688721
7422,7.881195,10.307434,2.3633575
7433,8.058212,11.703522,2.8291168
7442,8.192169,12.816559,3.1713104
7452,8.493591,14.615646,3.7986755
7462,8.943329,15.8246155,3.8556976
7472,9.302155,17.115158,3.3281555
7482,9.177765,18.223389,2.3823547
7492,9.029434,18.847076,1.0088348
7502,9.082062,19.08696,-0.203125
7513,9.048584,19.235672,-0.66412354
7522,9.302155,19.03418,-0.41697693
7532,9.751892,18.113037,0.26741028
7542,10.082001,16.35234,1.0373383
7552,10.010239,14.169464,1.1704254
7562,9.512665,11.813873,0.7949524
7572,8.302216,9.117645,0.08204651
7583,7.177887,7.2082214,-0.5405426
7592,6.182724,5.2460175,-1.0110779
7602,5.47464,3.9458923,-1.4625854
7612,4.8335114,2.9144135,-2.3180695
7622,3.6756897,3.0055695,-2.4368896
7632,2.8575592,2.3339233,-2.1469727
7642,2.1064148,0.80830383,-1.6099243
7652,0.77156067,-0.76049805,-1.0348358
7663,-0.33364868,-2.5787811,-1.1298981
7672,-1.4579773,-4.425827,-1.7667542
7682,-2.2378235,-6.5271606,-2.1232147
7692,-2.2378235,-8.8971405,-2.565216
7702,-2.0368958,-10.696228,-2.432129
7712,-1.5345154,-12.202667,-1.6954651
7722,-1.1469879,-13.095001,-0.013000488
7732,-1.1996155,-13.526779,1.7264862
7743,-1.2091827,-13.891388,2.3633575
7752,-1.9507599,-14.05452,2.1684875
7762,-2.3909302,-14.419128,1.1324005
7772,-2.2378235,-14.524673,0.59059143
7782,-1.6636963,-14.025726,0.4907837
7792,-0.2666626,-13.416428,0.30067444
7802,2.1734009,-11.674927,1.2417145
7812,5.412445,-6.757431,3.4992523
7823,7.58934,-1.8543396,4.8204956
7832,10.871445,1.8541565,4.155121
7842,14.679825,4.67511,2.681778
7852,19.818283,6.992325,1.0991364
7862,24.124237,11.655548,1.1704254
7872,26.549927,17.446198,2.2397766
7882,27.468536,22.32051,1.7074738
7892,26.808289,23.721375,1.0611115
7902,25.100266,23.994843,1.2131958
7913,23.07167,22.392456,2.5914764
7922,21.320572,20.060852,2.900406
7932,17.981064,21.490524,5.6189575
7942,15.832855,23.82692,8.88884
7953,15.488388,24.042831,9.4449005
7962,14.45018,23.126495,7.990555
7972,14.914261,18.19461,3.1570435
7982,14.230087,13.987167,-0.33618164
7992,13.675095,11.3629,-2.242035
8002,13.124893,9.227997,-1.4293213
8012,12.412018,7.3185577,-0.51678467
8023,10.890564,5.2892,-0.37420654
8032,9.483963,4.3632812,-0.07954407
8042,8.206528,3.797165,0.020263672
8052,7.0965424,3.4037628,0.21511841
8062,6.522415,3.2694397,0.19136047
8072,6.220993,3.28862,0.20562744
8082,6.2257843,3.3845825,0.21037292
8093,6.412384,3.485321,-0.008255005
8102,6.551117,3.6196594,0.025024414
8112,6.756851,3.7395935,0.21037292
8122,6.857315,3.682022,0.666626
8132,7.0056458,3.7395935,0.9375305
8142,7.0056458,3.864334,1.151413
8152,7.0295563,4.1953583,1.2749786
8163,7.0965424,4.7902527,1.4698486
8172,7.1396027,5.1932526,1.6409454
8182,7.2257233,5.8025513,1.4508209
8192,7.283142,6.0664062,1.3462677
8202,7.2927094,6.176758,1.151413
8212,7.278351,6.296692,1.2369537
8222,7.354904,6.287094,1.3557739
8232,7.4984283,6.2151337,1.3890381
8242,7.4601593,6.2007446,1.2654724
8252,7.388397,6.2295227,1.1799164
8262,7.364456,6.469391,1.1228943
8272,7.388397,6.72847,1.0801239
8282,7.474518,6.9251556,0.9042816
8292,7.555847,7.09787,0.79971313
8302,7.646759,7.1218567,0.7569275
8312,7.656311,7.09787,0.6333771
8322,7.560623,7.160248,0.65237427
8332,7.6132507,7.035507,0.9613037
8342,7.656311,6.757248,1.1181335
8352,7.656311,6.72847,1.2036896
8362,7.618042,6.8723907,1.3510284
8372,7.512787,6.9971313,1.427063
8383,7.455368,6.992325,1.1324005
8392,7.345337,6.93956,0.83773804
8402,7.1683197,6.9059753,0.47177124
8412,7.0630646,6.8532104,0.37672424
8422,6.943451,6.8004303,0.3577118
8432,6.9338837,6.790848,0.41474915
8442,6.924301,6.675705,0.4907837
8452,6.9099426,6.6565094,0.7046509
8463,6.943451,6.58934,0.77119446
8472,7.0295563,6.5125732,0.7807007
8482,7.019989,6.6852875,0.7949524
8492,6.9051666,6.7764435,0.7902069
8502,6.7951202,6.810028,0.69514465
8512,6.723358,6.8532104,0.49552917
8522,6.680298,6.810028,0.47177124
8533,6.842972,6.498184,0.3196869
8542,6.9338837,6.574936,0.47177124
8552,7.0678406,6.8771973,0.7569275
8562,7.283142,7.0259247,0.8424835
8572,7.4075317,7.1410522,0.8662567
8582,7.4936523,7.006729,0.90901184
8593,7.7424316,6.790848,1.0611115
8602,7.790283,6.771637,1.1371613
8612,7.785492,7.371338,1.3415222
8622,7.881195,7.7023773,1.3415222
8632,8.244797,7.9278564,1.5411224
8643,8.728027,8.263687,1.9593658
8652,9.168198,8.85379,2.6009827
8662,9.632278,9.568619,3.3566742
8672,9.9049835,9.904449,3.6513367
8682,10.345154,10.681641,3.5420227
8692,10.129852,11.185394,2.4346466
8702,9.531815,11.57399,2.0259094
8712,8.790222,12.691818,2.7530823
8723,8.340485,14.203049,4.22641
8732,8.345276,15.4696045,5.6522217
8742,8.397903,16.529861,7.3584595
8752,9.26387,17.134354,8.722473
8762,9.876282,17.004807,9.055176
8772,10.3068695,16.438705,8.717728
8782,10.613083,15.791031,7.496277
8792,10.206406,14.951462,6.10849
8803,9.412201,13.69931,3.347168
8812,8.254364,11.996185,0.12007141
8822,7.278351,9.8276825,-2.916916
8832,6.522415,8.786621,-7.5888367
8842,5.115799,7.9662476,-11.495544
8852,3.9292755,5.812134,-15.150391
8862,2.876709,2.5593872,-18.676895
8872,1.450943,-0.9332123,-21.324158
8882,-0.7642212,-3.61026,-21.528534
8893,-1.9699097,-4.8911896,-20.644531
8902,-2.5918732,-5.0447235,-18.995346
8912,-2.9698486,-5.908264,-18.79097
8922,-2.783249,-7.683365,-18.776718
8932,-2.323944,-10.00058,-18.429764
8942,-1.2283173,-12.754364,-16.362335
8952,0.6997986,-15.292282,-12.032623
8963,3.6278534,-17.700653,-4.062317
8972,4.809601,-18.132431,2.7245636
8982,6.991287,-18.266754,12.210968
8992,7.991226,-16.12706,20.26207
9002,10.421692,-12.596054,26.977646
9012,13.25885,-9.516037,32.41475
9022,15.70369,-4.6896973,35.965027
9032,18.942734,0.40049744,38.674072
9043,20.8517,4.1617737,37.36708
9052,21.928207,6.339859,33.74077
9062,21.971252,7.7311554,26.768524
9072,21.311005,7.1218567,20.704071
9082,19.937897,6.104782,14.853485
9092,17.674866,5.653824,9.264282
9103,15.297012,7.0786896,0.60484314
9112,13.335403,9.928436,-8.282715
9122,12.048401,12.144897,-15.806274
9132,10.349945,15.033035,-22.326996
9142,9.125137,16.357147,-24.39917
9152,9.235184,15.359268,-25.763199
9162,8.531876,14.361359,-27.02266
9173,7.555847,13.656128,-28.804932
9182,6.1348724,12.989258,-29.955078
9192,4.981842,13.531387,-31.894196
9202,4.2354736,12.926895,-34.688797
9212,4.5990753,10.475357,-34.498688
9222,5.12059,9.683762,-32.550064
9232,6.0296173,9.1080475,-28.144302
9243,7.19223,7.1458435,-23.17772
9252,9.139481,4.4880066,-17.331894
9262,12.124954,1.1009369,-9.257034
9272,15.756317,-2.3628845,2.2825623
9282,18.019333,-3.7157898,10.224335
9292,20.354141,-4.8384094,16.136703
9302,21.186615,-3.6246338,20.07196
9312,21.918625,-0.7892914,21.450241
9322,21.526306,2.6889343,22.529114
9332,21.138763,4.5743713,23.59372
9342,20.01921,3.7827606,23.51767
9352,17.837524,3.590866,21.659363
9362,15.292236,3.811554,18.322952
9372,12.340256,5.1932526,14.22612
9382,9.507889,7.6927795,10.26712
9392,7.3405457,8.829788,6.170273
9403,5.240204,9.419891,1.7977905
9412,4.8909454,9.271179,-0.87324524
9422,4.814392,8.695465,-2.7743378
9432,4.709137,8.172531,-2.6935425
9442,4.943573,7.3425446,-2.4273682
9452,5.1349335,6.090393,-2.8218536
9462,5.173218,5.725769,-3.0357208
9472,5.173218,5.658615,-3.4444733
9482,5.3932953,5.8457184,-3.7771606
9492,5.5320435,6.7092743,-3.843689
9502,5.7808228,7.347351,-3.758133
9512,5.9722137,7.879883,-3.325653
9522,6.1731567,8.311661,-3.2543488
9533,6.474579,8.297256,-3.097519
9542,6.728134,8.177322,-2.5366974
9552,7.1635284,7.5920258,-1.3009949
9562,7.4601593,7.2082214,0.044021606
9572,7.5702057,7.2466125,0.80921936
9582,7.579773,7.3761444,1.1846771
9592,7.517578,7.6256104,1.3367615
9603,7.479309,7.870285,1.3082428
9612,7.455368,8.023804,1.0611115
9622,7.3309784,8.071777,0.69039917
9632,7.1683197,8.167725,0.6713867
9642,7.31662,8.191711,0.5573273
9652,7.58934,7.846298,0.45750427
9663,7.58934,7.3761444,0.57632446
9672,7.517578,6.9827423,0.49552917
9682,7.479309,6.6708984,0.5668335
9692,7.350128,6.771637,1.0516052
9702,7.3357697,7.1314697,1.5031128
9712,7.283142,7.5488586,1.5791473
9722,7.0678406,7.7839355,1.3843079
9732,6.953003,7.9326477,1.1371613
9743,6.81427,7.999817,0.71891785
9752,6.656372,7.7599335,0.27217102
9762,6.680298,7.462494,-0.09855652
9772,6.608536,7.280182,-0.3789673
9782,6.4984894,7.6687775,0.077301025
9792,6.5463257,7.985428,0.5573273
9802,6.6372375,8.302063,1.0325928
9812,6.709015,8.546738,1.3700409
9823,6.8094788,8.58992,1.3795471
9832,6.948227,8.58992,1.2749786
9842,7.091751,8.685867,1.0943756
9852,7.019989,9.20401,1.0848694
9862,6.986511,9.693344,1.427063
9872,7.091751,10.331421,1.99263
9882,7.1635284,10.998291,2.6295013
9893,7.3357697,11.5308075,3.4944916
9902,7.584564,11.871445,4.1741486
9912,8.048645,12.303223,4.6018677
9922,7.94339,13.29631,5.1579437
9932,7.479309,15.009033,6.346115
9942,7.086975,16.155655,7.5343018
9952,7.5702057,16.342758,8.095123
9963,8.421814,15.642319,8.313751
9972,8.967239,14.55806,8.689209
9982,9.373917,13.588959,8.674957
9992,8.933762,12.850143,6.407913
10002,7.7998505,11.64595,1.6694489
10012,6.7377167,10.163513,-3.9292297
10022,5.7377777,9.650162,-6.75235
10033,2.7905731,8.94014,-13.791122
10042,2.6661835,7.606415,-16.59996
10052,2.5800629,5.984848,-19.019104
10062,1.6710205,3.2790375,-21.775665
10072,1.0729675,-0.8852539,-24.646301
10082,0.6615143,-2.6747284,-24.979004
10092,0.5610504,-3.2552338,-23.03038
10102,0.412735,-3.6390228,-20.78711
10112,0.39360046,-4.723282,-19.199707
10123,-0.008300781,-7.673767,-18.20639
10132,-0.032226562,-9.712738,-17.084747
10142,0.7906952,-12.193054,-13.92894
10152,2.5704956,-13.98735,-6.1297455
10162,4.5081787,-15.061996,1.151413
10172,5.689926,-12.692001,16.440887
10182,6.0774536,-10.61467,24.510986
10192,9.488739,-5.797928,31.316864
10203,12.73735,-0.34791565,37.79956
10212,16.086441,1.7054443,38.97824
10222,19.38768,10.086746,41.55896
10232,20.301498,11.0846405,41.839386
10242,22.2966,13.08522,34.90518
10252,21.37799,12.475937,25.575607
10262,18.2155,12.480728,15.143387
10273,14.718094,12.20726,0.93278503
10282,12.73735,12.495117,-14.774918
10292,11.14415,14.553268,-23.748047
10302,9.23996,16.395523,-28.025497
10312,7.2975006,16.40512,-29.93132
10322,5.450714,14.89389,-30.71077
10332,2.7618713,13.339478,-31.870438
10342,0.37445068,11.679535,-33.724
10353,-1.6062927,9.132034,-33.07762
10362,-1.8167877,7.4097137,-30.972183
10372,-1.61586,5.39476,-27.673782
10382,-0.81684875,2.1803894,-22.82602
10392,0.2644043,-0.77490234,-18.767197
10402,1.6519012,-4.176361,-14.32341
10412,2.9963074,-5.8986816,-8.220932
10423,4.809601,-8.100754,-1.4911041
10432,5.3119507,-8.043182,6.022934
10442,8.158676,-9.204193,14.839218
10452,9.230392,-8.75322,21.55481
10462,10.182495,-5.658798,25.846512
10472,10.512604,-3.7445831,28.099289
10482,11.278122,-1.1730804,29.068832
10493,13.187088,0.17021179,30.18097
10502,15.048233,1.7486115,30.199997
10512,16.445267,3.2502441,27.59549
10522,17.995422,4.5599823,22.006317
10532,18.158081,6.7524567,17.358154
10542,17.603088,9.194397,12.063644
10552,16.60794,11.62677,4.8347626
10562,16.277817,14.183868,-1.9045868
10573,15.698914,16.832108,-6.1440125
10582,15.186966,18.875854,-7.897751
10592,14.249222,21.265045,-9.252274
10602,13.565063,20.996368,-9.475662
10612,12.823486,18.943024,-9.171478
10622,12.321106,15.397644,-9.361588
10632,11.670425,12.005768,-9.447144
10642,10.4552,9.496643,-8.757996
10653,9.713623,9.127243,-7.531784
10662,9.11557,9.347931,-6.158264
10672,8.268723,9.184814,-5.098419
10682,7.8620453,8.652283,-4.6849213
10692,7.110901,8.335648,-3.2543488
10702,6.8286285,8.086166,-1.2724762
10712,6.608536,7.5008698,0.59059143
10723,6.2927704,6.4885864,1.71698
10732,6.278412,5.4811096,2.2635345
10742,6.1970673,4.9917603,3.0239868
10752,6.091812,5.1692657,3.6180725
10762,5.9052277,5.13089,3.4754944
10772,5.579895,5.581848,2.9431915
10782,5.240204,6.1575623,2.258789
10792,5.278473,6.637329,2.7245636
10803,5.613373,6.9491577,3.7131195
10812,5.876526,7.160248,4.8680267
10822,6.0391846,6.944351,5.2672577
10832,6.177948,6.498184,4.901291
10842,6.091812,6.1623535,4.5686035
10852,5.713852,6.315872,3.7226257
10862,5.4650726,6.6325226,3.223587
10872,5.4985504,6.622925,3.1332855
10882,5.62294,6.790848,3.465973
10892,5.7329865,6.6708984,3.6323242
10902,5.6947174,6.5941467,3.9222412
10913,5.62294,6.6469116,4.392761
10922,5.646881,6.72847,4.8490143
10932,5.5942535,6.810028,4.9678345
10942,5.488983,6.819626,4.6779327
10952,5.5416107,6.4741974,4.102844
10962,5.4411316,6.311096,3.8604584
10972,5.479416,6.2007446,3.4707336
10983,5.350235,6.287094,3.0715027
10992,5.1971283,6.6469116,3.427948
11002,5.2928314,7.0115204,4.4402924
11012,5.211487,7.3665466,4.7492065
11022,5.187561,7.4289093,4.131363
11032,4.9339905,7.424103,3.7416382
11043,4.7665405,7.2274017,3.6323242
11052,5.249756,6.718872,4.4355316
11062,5.445923,6.733261,3.5610352
11072,5.2019196,6.7620544,4.7016907
11082,5.512909,6.53656,4.5923767
11092,5.149292,6.901169,5.01062
11102,5.1397247,6.9587555,5.034378
11112,5.2736816,7.030716,4.758713
11122,4.8048096,7.241806,4.311966
11133,4.6325836,7.1458435,4.0363007
11142,4.646927,7.0786896,3.888977
11152,4.814392,6.9875336,4.140869
11162,5.0296783,6.834015,4.454544
11172,5.2066956,6.613327,4.673172
11182,5.278473,6.574936,4.8822937
11192,5.254547,6.5557556,4.877533
11202,5.178009,6.651703,4.758713
11212,5.130142,6.8532104,4.6398926
11223,5.01532,7.1410522,4.5781097
11232,4.981842,7.1026764,4.525833
11242,5.044037,6.9731445,4.706436
11252,5.1014557,6.675705,4.9915924
11262,4.9674835,6.57016,5.0296173
11272,5.0727386,6.4598083,5.119919
11282,5.1397247,6.445404,5.262497
11292,5.12059,6.58934,5.0866547
11302,5.0631714,6.795624,4.487808
11313,4.953125,7.09787,4.1598816
11322,5.0296783,7.1842346,4.107605
11332,5.350235,7.09787,5.0058594
11342,5.4363556,6.9251556,5.4431
11352,5.5416107,6.848404,5.7377777
11362,5.4411316,6.8532104,5.5096436
11372,5.28804,7.0403137,5.119919
11383,5.154068,7.021118,4.7634735
11392,5.0392456,7.083481,4.487808
11402,4.8717957,7.1074677,4.1218567
11412,4.953125,7.09787,4.1123505
11422,5.12059,7.0163116,4.635147
11432,5.3598175,6.8580017,5.2577515
11442,5.6707916,6.9971313,5.4906464
11452,5.728195,7.006729,5.3290405
11462,5.6660004,7.0499115,4.9298096
11472,5.493759,7.083481,4.744461
11483,5.3693695,7.021118,4.563858
11492,5.2306366,6.992325,4.4592896
11502,5.2306366,6.992325,4.4592896
11512,5.240204,7.093094,5.020111
11522,5.3693695,7.021118,5.2910156
11532,5.412445,7.021118,5.2577515
11542,5.412445,7.021118,5.2577515
11552,5.412445,7.021118,5.2577515
